{"cameraMode":{"drawMode":0,"name":"Shaded","section":"Shading Mode"},"sceneLighting":true,"audioPlay":false,"sceneViewState":{"showFog":true,"showMaterialUpdate":false,"showSkybox":true,"showFlares":true,"showImageEffects":true,"showParticleSystems":true},"in2DMode":false,"pivot":{"x":-1.4080530405044556,"y":-1.9535388946533204,"z":-9.234403610229493},"rotation":{"x":-0.5651708841323853,"y":0.3335792124271393,"z":-0.2671758532524109,"w":-0.7056412696838379},"size":7.586129188537598,"orthographic":false}