{"cameraMode":{"drawMode":0,"name":"Shaded","section":"Shading Mode"},"sceneLighting":false,"audioPlay":false,"sceneViewState":{"showFog":true,"showMaterialUpdate":false,"showSkybox":false,"showFlares":true,"showImageEffects":true,"showParticleSystems":true},"in2DMode":false,"pivot":{"x":0.5505938529968262,"y":2.3152284622192385,"z":-6.440941333770752},"rotation":{"x":-0.259734183549881,"y":0.020853914320468904,"z":-0.005610411521047354,"w":-0.9654387831687927},"size":0.25248414278030398,"orthographic":false}