{"cameraMode":{"drawMode":0,"name":"Shaded","section":"Shading Mode"},"sceneLighting":true,"audioPlay":false,"sceneViewState":{"showFog":true,"showMaterialUpdate":false,"showSkybox":true,"showFlares":true,"showImageEffects":true,"showParticleSystems":true},"in2DMode":false,"pivot":{"x":0.16762486100196839,"y":2.7533841133117677,"z":-4.83023738861084},"rotation":{"x":0.42485204339027407,"y":-0.14426478743553163,"z":0.06876584887504578,"w":0.8910834789276123},"size":1.8247451782226563,"orthographic":false}