{"cameraMode":{"drawMode":0,"name":"Shaded","section":"Shading Mode"},"sceneLighting":true,"audioPlay":false,"sceneViewState":{"showFog":true,"showMaterialUpdate":false,"showSkybox":true,"showFlares":true,"showImageEffects":true,"showParticleSystems":true},"in2DMode":false,"pivot":{"x":-0.4813579320907593,"y":1.4565534591674805,"z":10.677196502685547},"rotation":{"x":0.20733365416526795,"y":-0.07036693394184113,"z":0.0149536756798625,"w":0.9756263494491577},"size":1.4271090030670167,"orthographic":false}